REGIONAL;LOCALIDADE
PATOS DE MINAS;ABAETE DOS MENDES
PATOS DE MINAS;ALAGOAS
UBERABA;ALEXANDRITA
UBERABA;ALMEIDA CAMPOS
ITUMBIARA;ALMERINDONOPOLIS
FRANCA;ALTINOPOLIS
FRANCA;ALTINOPOLIS
PARA DE MINAS;ANTUNES
CTBC AUTORIZATARIA;APARECIDA DE GOIANIA
UBERABA;APARECIDA DE MINAS
FRANCA;APARECIDA DO SALTO
DIVINOPOLIS;ARAGUARI
DIVINOPOLIS;ARAGUARI
DIVINOPOLIS;ARAGUARI
DIVINOPOLIS;ARAGUARI
DIVINOPOLIS;ARAGUARI
DIVINOPOLIS;ARAGUARI
DIVINOPOLIS;ARAGUARI
FRANCA;ARAMINA
ITUMBIARA;ARAPORA
PARA DE MINAS;ARAUJOS
DIVINOPOLIS;ARAXA
DIVINOPOLIS;ARAXA
DIVINOPOLIS;ARAXA
PATOS DE MINAS;AREADO
PARA DE MINAS;ASCENCAO
UBERABA;BAIXA
UBERLANDIA;BALSAMO
FRANCA;BATATAIS
FRANCA;BATATAIS
FRANCA;BATATAIS
FRANCA;BATATAIS
FRANCA;BATATAIS
FRANCA;BATATAIS
FRANCA;BATATAIS
FRANCA;BATATAIS
FRANCA;BATATAIS
FRANCA;BATATAIS
FRANCA;BATATAIS
FRANCA;BATATAIS
FRANCA;BATATAIS
FRANCA;BATATAIS
FRANCA;BATATAIS
UBERABA;BOA ESPERANCA
PARA DE MINAS;BOA VISTA DE MINAS
PARA DE MINAS;BOM JESUS DO PARA
PATOS DE MINAS;BOM SUCESSO DE PATOS
CTBC AUTORIZATARIA;BRASILIA
FRANCA;BREJAO
PATOS DE MINAS;BREJO BONITO
FRANCA;BRODOWSKI
FRANCA;BRODOWSKI
PARA DE MINAS;BRUMADO
ITUMBIARA;BURITI ALEGRE
FRANCA;BURITIZAL
ITUMBIARA;CACHOEIRA DOURADA
ITUIUTABA;CACHOEIRA DOURADA-MG
FRANCA;CAJURU
FRANCA;CAJURU
FRANCA;CAJURU
FRANCA;CAJURU
FRANCA;CAJURU
FRANCA;CAJURU
FRANCA;CAJURU
UBERABA;CAMPINA VERDE
UBERABA;CAMPINA VERDE
CTBC AUTORIZATARIA;CAMPINAS
CTBC AUTORIZATARIA;CAMPINAS
CTBC AUTORIZATARIA;CAMPINAS
UBERABA;CAMPO FLORIDO
PARA DE MINAS;CAMPOS ALTOS
ITUMBIARA;CANAPOLIS
PARA DE MINAS;CAPAO
FRANCA;CAPELINHA
UBERABA;CAPELINHA DO BARREIRO
ITUIUTABA;CAPINOPOLIS
FRANCA;CAPIVARI DA MATA
PARA DE MINAS;CAPIVARI ELEUTERIO
PARA DE MINAS;CARIOCA
PATOS DE MINAS;CARMO DO PARANAIBA
UBERABA;CARNEIRINHO
FRANCA;CASSIA DOS COQUEIROS
ITUMBIARA;CENTRALINA
PARA DE MINAS;CHAPADA
PATOS DE MINAS;CHAVES
ITUIUTABA;CHAVESLANDIA
PATOS DE MINAS;CLARO DE MINAS
UBERABA;COLOMBIA
UBERABA;COMENDADOR GOMES
UBERABA;CONCEICAO DAS ALAGOAS
UBERABA;CONCEICAO DAS ALAGOAS
PATOS DE MINAS;CORREGO DANTA
PATOS DE MINAS;CRUZEIRO DA FORTALEZA
PATOS DE MINAS;CRUZEIRO DA PRATA
UBERLANDIA;CRUZEIRO DOS PEIXOTOS
PARA DE MINAS;CUNHAS
UBERABA;DELTA
DIVINOPOLIS;DIVINOPOLIS
DIVINOPOLIS;DIVINOPOLIS
DIVINOPOLIS;DIVINOPOLIS
DIVINOPOLIS;DIVINOPOLIS
PARA DE MINAS;ENGENHO
PARA DE MINAS;ESTEIOS
UBERABA;ESTRELA DA BARRA
UBERABA;FATIMA DO PONTAL
ITUIUTABA;FLOR DE MINAS
FRANCA;FRANCA
FRANCA;FRANCA
FRANCA;FRANCA
FRANCA;FRANCA
FRANCA;FRANCA
FRANCA;FRANCA
FRANCA;FRANCA
FRANCA;FRANCA
FRANCA;FRANCA
FRANCA;FRANCA
FRANCA;FRANCA
FRANCA;FRANCA
FRANCA;FRANCA
FRANCA;FRANCA
FRANCA;FRANCA
FRANCA;FRANCA
FRANCA;FRANCA
FRANCA;FRANCA
FRANCA;FRANCA
FRANCA;FRANCA
FRANCA;FRANCA
FRANCA;FRANCA
FRANCA;FRANCA
FRANCA;FRANCA
FRANCA;FRANCA
FRANCA;FRANCA
FRANCA;FRANCA
FRANCA;FRANCA
FRANCA;FRANCA
FRANCA;FRANCA
FRANCA;FRANCA
FRANCA;FRANCA
FRANCA;FRANCA
FRANCA;FRANCA
FRANCA;FRANCA
FRANCA;FRANCA
FRANCA;FRANCA
FRANCA;FRANCA
FRANCA;FRANCA
FRANCA;FRANCA
FRANCA;FRANCA
FRANCA;FRANCA
FRANCA;FRANCA
FRANCA;FRANCA
FRANCA;FRANCA
FRANCA;FRANCA
FRANCA;FRANCA
FRANCA;FRANCA
FRANCA;FRANCA
FRANCA;FRANCA
FRANCA;FRANCA
FRANCA;FRANCA
FRANCA;FRANCA
FRANCA;FRANCA
FRANCA;FRANCA
FRANCA;FRANCA
FRANCA;FRANCA
FRANCA;FRANCA
FRANCA;FRANCA
FRANCA;FRANCA
FRANCA;FRANCA
FRANCA;FRANCA
UBERABA;FRUTAL
UBERABA;FRUTAL
UBERABA;FRUTAL
UBERABA;FRUTAL
UBERABA;FRUTAL
UBERABA;FRUTAL
UBERABA;FRUTAL
UBERABA;FRUTAL
PATOS DE MINAS;GALENA
PARA DE MINAS;GAMAS
UBERLANDIA;GARCIAS
UBERABA;GARIMPO BANDEIRA
CTBC AUTORIZATARIA;GOIANIA
CTBC AUTORIZATARIA;GOIANIA
FRANCA;GUAIRA
FRANCA;GUAIRA
FRANCA;GUAIRA
FRANCA;GUAIRA
FRANCA;GUAIRA
FRANCA;GUAIRA
FRANCA;GUAIRA
FRANCA;GUAIRA
FRANCA;GUAIRA
FRANCA;GUAIRA
FRANCA;GUARA
ITUIUTABA;GURINHATA
UBERABA;HONOROPOLIS
FRANCA;IBIRACI
PARA DE MINAS;IGARATINGA
PARA DE MINAS;IGUATAMA
ITUMBIARA;INACIOLANDIA
UBERLANDIA;INDIANOPOLIS
UBERLANDIA;INDIANOPOLIS
ITUIUTABA;IPIACU
FRANCA;IPUA
ITUIUTABA;ITAGUACU
UBERABA;ITAPAGIPE
ITUIUTABA;ITUIUTABA
ITUIUTABA;ITUIUTABA
ITUIUTABA;ITUIUTABA
ITUIUTABA;ITUIUTABA
ITUIUTABA;ITUIUTABA
ITUIUTABA;ITUIUTABA
ITUIUTABA;ITUIUTABA
ITUIUTABA;ITUIUTABA
ITUIUTABA;ITUIUTABA
ITUIUTABA;ITUIUTABA
ITUIUTABA;ITUIUTABA
ITUIUTABA;ITUIUTABA
ITUIUTABA;ITUIUTABA
ITUIUTABA;ITUIUTABA
ITUIUTABA;ITUIUTABA
ITUIUTABA;ITUIUTABA
ITUIUTABA;ITUIUTABA
ITUIUTABA;ITUIUTABA
ITUIUTABA;ITUIUTABA
ITUIUTABA;ITUIUTABA
ITUMBIARA;ITUMBIARA
ITUMBIARA;ITUMBIARA
ITUMBIARA;ITUMBIARA
ITUMBIARA;ITUMBIARA
ITUMBIARA;ITUMBIARA
ITUMBIARA;ITUMBIARA
ITUMBIARA;ITUMBIARA
ITUMBIARA;ITUMBIARA
ITUMBIARA;ITUMBIARA
ITUMBIARA;ITUMBIARA
ITUMBIARA;ITUMBIARA
ITUMBIARA;ITUMBIARA
ITUMBIARA;ITUMBIARA
ITUMBIARA;ITUMBIARA
ITUMBIARA;ITUMBIARA
ITUMBIARA;ITUMBIARA
ITUMBIARA;ITUMBIARA
ITUMBIARA;ITUMBIARA
ITUMBIARA;ITUMBIARA
UBERABA;ITURAMA
UBERABA;ITURAMA
UBERABA;ITURAMA
UBERABA;ITURAMA
UBERABA;ITURAMA
UBERABA;ITURAMA
UBERABA;ITURAMA
UBERABA;ITURAMA
UBERABA;ITURAMA
UBERABA;ITURAMA
FRANCA;ITUVERAVA
FRANCA;ITUVERAVA
FRANCA;ITUVERAVA
FRANCA;ITUVERAVA
FRANCA;ITUVERAVA
FRANCA;JARDINOPOLIS
FRANCA;JARDINOPOLIS
FRANCA;JARDINOPOLIS
FRANCA;JARDINOPOLIS
FRANCA;JARDINOPOLIS
FRANCA;JARDINOPOLIS
FRANCA;JARDINOPOLIS
FRANCA;JURUCE
PATOS DE MINAS;LAGAMAR
PATOS DE MINAS;LAGOA FORMOSA
PATOS DE MINAS;LAGOA GRANDE
PARA DE MINAS;LAGOA PRETA
PARA DE MINAS;LIMAS
PARA DE MINAS;LIMAS DE IGARATINGA
UBERABA;LIMEIRA DO OESTE
PARA DE MINAS;LUZ
PARA DE MINAS;LUZ
PARA DE MINAS;LUZ
PARA DE MINAS;LUZ
PATOS DE MINAS;MAJOR PORTO
PARA DE MINAS;MARAVILHAS
UBERLANDIA;MARTINESIA
PARA DE MINAS;MEIRELES
FRANCA;MIGUELOPOLIS
FRANCA;MILAGRE
PARA DE MINAS;MOEMA
UBERLANDIA;MONJOLINHO
PATOS DE MINAS;MONJOLINHO DE MINAS
UBERLANDIA;MONTE ALEGRE DE MINAS
DIVINOPOLIS;MONTE CARMELO
FRANCA;MONTE SANTO DE MINAS
FRANCA;MORRO AGUDO
FRANCA;MORRO AGUDO
ITUMBIARA;NILOPOLIS
UBERLANDIA;NOVA PONTE
UBERLANDIA;NOVA PONTE
PARA DE MINAS;NOVA SERRANA
PARA DE MINAS;NOVA SERRANA
PARA DE MINAS;NOVA SERRANA
PARA DE MINAS;NOVA SERRANA
PARA DE MINAS;NOVA SERRANA
PARA DE MINAS;NOVA SERRANA
PARA DE MINAS;NOVA SERRANA
PARA DE MINAS;NOVA SERRANA
PARA DE MINAS;NOVA SERRANA
PARA DE MINAS;NOVA SERRANA
FRANCA;NUPORANGA
FRANCA;ORLANDIA
FRANCA;ORLANDIA
FRANCA;ORLANDIA
FRANCA;ORLANDIA
FRANCA;ORLANDIA
PARA DE MINAS;PAPAGAIOS
PARA DE MINAS;PARA DE MINAS
PARA DE MINAS;PARA DE MINAS
PARA DE MINAS;PARA DE MINAS
PARA DE MINAS;PARA DE MINAS
PARA DE MINAS;PARA DE MINAS
PARA DE MINAS;PARA DE MINAS
PARA DE MINAS;PARA DE MINAS
PARA DE MINAS;PARA DE MINAS
PARA DE MINAS;PARA DE MINAS
PARA DE MINAS;PARA DE MINAS
UBERABA;PARANAIBA
UBERABA;PARANAIBA
UBERABA;PARANAIBA
ITUIUTABA;PARANAIGUARA
PATOS DE MINAS;PATOS DE MINAS
PATOS DE MINAS;PATOS DE MINAS
PATOS DE MINAS;PATOS DE MINAS
PATOS DE MINAS;PATOS DE MINAS
PATOS DE MINAS;PATOS DE MINAS
PATOS DE MINAS;PATOS DE MINAS
PATOS DE MINAS;PATOS DE MINAS
PATOS DE MINAS;PATOS DE MINAS
PATOS DE MINAS;PATOS DE MINAS
PATOS DE MINAS;PATOS DE MINAS
PATOS DE MINAS;PATOS DE MINAS
PATOS DE MINAS;PATOS DE MINAS
PATOS DE MINAS;PATOS DE MINAS
PATOS DE MINAS;PATOS DE MINAS
PATOS DE MINAS;PATOS DE MINAS
PATOS DE MINAS;PATOS DE MINAS
PATOS DE MINAS;PATOS DE MINAS
PATOS DE MINAS;PATOS DE MINAS
PATOS DE MINAS;PATOS DE MINAS
UBERLANDIA;PATRIMONIO RIO DOS PEIXES
UBERLANDIA;PEDRINOPOLIS
UBERABA;PEIROPOLIS
PARA DE MINAS;PEQUI
PARA DE MINAS;PERDIGAO
PATOS DE MINAS;PILAR
PATOS DE MINAS;PINDAIBAS
FRANCA;PIONEIROS
UBERABA;PIRAJUBA
UBERABA;PIRAJUBA
PARA DE MINAS;PITANGUI
UBERABA;PLANURA
UBERABA;PONTE ALTA
UBERABA;PRADOLANDIA
UBERLANDIA;PRATA
UBERLANDIA;PRATA
UBERLANDIA;PRATA
PATOS DE MINAS;PRESIDENTE OLEGARIO
PATOS DE MINAS;QUINTINOS
UBERABA;RAIMULANDIA
PATOS DE MINAS;RETIRO DA ROCA
FRANCA;RIBEIRAO CORRENTE
CTBC AUTORIZATARIA;RIBEIRAO PRETO
CTBC AUTORIZATARIA;RIBEIRAO PRETO
CTBC AUTORIZATARIA;RIBEIRAO PRETO
CTBC AUTORIZATARIA;RIBEIRAO PRETO
CTBC AUTORIZATARIA;RIBEIRAO PRETO
CTBC AUTORIZATARIA;RIBEIRAO PRETO
CTBC AUTORIZATARIA;RIBEIRAO PRETO
CTBC AUTORIZATARIA;RIBEIRAO PRETO
CTBC AUTORIZATARIA;RIBEIRAO PRETO
CTBC AUTORIZATARIA;RIO DE JANEIRO
PATOS DE MINAS;RIO PARANAIBA
PATOS DE MINAS;RIO PARANAIBA
PARA DE MINAS;SACRAMENTO
FRANCA;SALES OLIVEIRA
FRANCA;SALES OLIVEIRA
FRANCA;SALES OLIVEIRA
FRANCA;SANTA CRUZ DA ESPERANCA
UBERLANDIA;SANTA JULIANA
ITUIUTABA;SANTA VITORIA
ITUIUTABA;SANTA VITORIA
ITUIUTABA;SANTA VITORIA
ITUIUTABA;SANTA VITORIA
ITUIUTABA;SANTA VITORIA
PATOS DE MINAS;SANTANA DE PATOS
PATOS DE MINAS;SANTIAGO DE MINAS
FRANCA;SANTO ANTONIO DA ALEGRIA
FRANCA;SANTO INACIO DOS VIEIRAS
UBERABA;SAO BASILIO
FRANCA;SAO BENEDITO DA CACHOEIRINHA
PATOS DE MINAS;SAO BRAS DE MINAS
UBERABA;SAO FRANCISCO DE SALES
UBERABA;SAO JOAO DO APORE
FRANCA;SAO JOAQUIM DA BARRA
FRANCA;SAO JOAQUIM DA BARRA
FRANCA;SAO JOAQUIM DA BARRA
FRANCA;SAO JOAQUIM DA BARRA
FRANCA;SAO JOAQUIM DA BARRA
FRANCA;SAO JOAQUIM DA BARRA
FRANCA;SAO JOAQUIM DA BARRA
FRANCA;SAO JOAQUIM DA BARRA
PARA DE MINAS;SAO JOSE DA VARGINHA
FRANCA;SAO JOSE DO ALBERTOPOLIS
CTBC AUTORIZATARIA;SAO PAULO
CTBC AUTORIZATARIA;SAO PAULO
CTBC AUTORIZATARIA;SAO PAULO
CTBC AUTORIZATARIA;SAO PAULO
CTBC AUTORIZATARIA;SAO PAULO
CTBC AUTORIZATARIA;SAO PAULO
CTBC AUTORIZATARIA;SAO PAULO
CTBC AUTORIZATARIA;SAO PAULO
CTBC AUTORIZATARIA;SAO PAULO
CTBC AUTORIZATARIA;SAO PAULO
CTBC AUTORIZATARIA;SAO PAULO
PATOS DE MINAS;SAO PEDRO DA PONTE FIRME
UBERABA;SAO SEBASTIAO DO PONTAL
ITUIUTABA;SAO SIMAO
ITUIUTABA;SAO SIMAO
ITUIUTABA;SAO SIMAO
CTBC AUTORIZATARIA;SERTAOZINHO
CTBC AUTORIZATARIA;SERTAOZINHO
CTBC AUTORIZATARIA;TAGUATINGA
UBERABA;TAMANDARE
UBERLANDIA;TAPUIRAMA
PARA DE MINAS;TAVARES
PARA DE MINAS;TORNEIROS
UBERLANDIA;TUPACIGUARA
UBERLANDIA;TUPACIGUARA
UBERLANDIA;TUPACIGUARA
UBERLANDIA;TUPACIGUARA
UBERABA;UBERABA
UBERABA;UBERABA
UBERABA;UBERABA
UBERABA;UBERABA
UBERABA;UBERABA
UBERABA;UBERABA
UBERABA;UBERABA
UBERABA;UBERABA
UBERABA;UBERABA
UBERABA;UBERABA
UBERABA;UBERABA
UBERABA;UBERABA
UBERABA;UBERABA
UBERABA;UBERABA
UBERABA;UBERABA
UBERABA;UBERABA
UBERABA;UBERABA
UBERABA;UBERABA
UBERABA;UBERABA
UBERABA;UBERABA
UBERABA;UBERABA
UBERABA;UBERABA
UBERABA;UBERABA
UBERABA;UBERABA
UBERABA;UBERABA
UBERABA;UBERABA
UBERABA;UBERABA
UBERABA;UBERABA
UBERABA;UBERABA
UBERABA;UBERABA
UBERABA;UBERABA
UBERABA;UBERABA
UBERABA;UBERABA
UBERABA;UBERABA
UBERABA;UBERABA
UBERABA;UBERABA
UBERABA;UBERABA
UBERABA;UBERABA
UBERABA;UBERABA
UBERABA;UBERABA
UBERABA;UBERABA
UBERABA;UBERABA
UBERABA;UBERABA
UBERABA;UBERABA
UBERABA;UBERABA
UBERABA;UBERABA
UBERABA;UBERABA
UBERABA;UBERABA
UBERABA;UBERABA
UBERABA;UBERABA
UBERABA;UBERABA
UBERABA;UBERABA
UBERABA;UBERABA
UBERABA;UBERABA
UBERLANDIA;UBERLANDIA
UBERLANDIA;UBERLANDIA
UBERLANDIA;UBERLANDIA
UBERLANDIA;UBERLANDIA
UBERLANDIA;UBERLANDIA
UBERLANDIA;UBERLANDIA
UBERLANDIA;UBERLANDIA
UBERLANDIA;UBERLANDIA
UBERLANDIA;UBERLANDIA
UBERLANDIA;UBERLANDIA
UBERLANDIA;UBERLANDIA
UBERLANDIA;UBERLANDIA
UBERLANDIA;UBERLANDIA
UBERLANDIA;UBERLANDIA
UBERLANDIA;UBERLANDIA
UBERLANDIA;UBERLANDIA
UBERLANDIA;UBERLANDIA
UBERLANDIA;UBERLANDIA
UBERLANDIA;UBERLANDIA
UBERLANDIA;UBERLANDIA
UBERLANDIA;UBERLANDIA
UBERLANDIA;UBERLANDIA
UBERLANDIA;UBERLANDIA
UBERLANDIA;UBERLANDIA
UBERLANDIA;UBERLANDIA
UBERLANDIA;UBERLANDIA
UBERLANDIA;UBERLANDIA
UBERLANDIA;UBERLANDIA
UBERLANDIA;UBERLANDIA
UBERLANDIA;UBERLANDIA
UBERLANDIA;UBERLANDIA
UBERLANDIA;UBERLANDIA
UBERLANDIA;UBERLANDIA
UBERLANDIA;UBERLANDIA
UBERLANDIA;UBERLANDIA
UBERLANDIA;UBERLANDIA
UBERLANDIA;UBERLANDIA
UBERLANDIA;UBERLANDIA
UBERLANDIA;UBERLANDIA
UBERLANDIA;UBERLANDIA
UBERLANDIA;UBERLANDIA
UBERLANDIA;UBERLANDIA
UBERLANDIA;UBERLANDIA
UBERLANDIA;UBERLANDIA
UBERLANDIA;UBERLANDIA
UBERLANDIA;UBERLANDIA
UBERLANDIA;UBERLANDIA
UBERLANDIA;UBERLANDIA
UBERLANDIA;UBERLANDIA
UBERLANDIA;UBERLANDIA
UBERLANDIA;UBERLANDIA
UBERLANDIA;UBERLANDIA
UBERLANDIA;UBERLANDIA
UBERLANDIA;UBERLANDIA
UBERLANDIA;UBERLANDIA
UBERLANDIA;UBERLANDIA
UBERLANDIA;UBERLANDIA
UBERLANDIA;UBERLANDIA
UBERLANDIA;UBERLANDIA
UBERLANDIA;UBERLANDIA
UBERLANDIA;UBERLANDIA
UBERLANDIA;UBERLANDIA
UBERLANDIA;UBERLANDIA
UBERLANDIA;UBERLANDIA
UBERLANDIA;UBERLANDIA
UBERLANDIA;UBERLANDIA
UBERLANDIA;UBERLANDIA
UBERLANDIA;UBERLANDIA
UBERLANDIA;UBERLANDIA
UBERLANDIA;UBERLANDIA
UBERLANDIA;UBERLANDIA
UBERLANDIA;UBERLANDIA
UBERLANDIA;UBERLANDIA
UBERLANDIA;UBERLANDIA
UBERLANDIA;UBERLANDIA
UBERLANDIA;UBERLANDIA
UBERLANDIA;UBERLANDIA
UBERLANDIA;UBERLANDIA
UBERLANDIA;UBERLANDIA
UBERLANDIA;UBERLANDIA
UBERLANDIA;UBERLANDIA
UBERLANDIA;UBERLANDIA
UBERLANDIA;UBERLANDIA
UBERLANDIA;UBERLANDIA
UBERLANDIA;UBERLANDIA
UBERLANDIA;UBERLANDIA
UBERLANDIA;UBERLANDIA
UBERLANDIA;UBERLANDIA
UBERLANDIA;UBERLANDIA
UBERLANDIA;UBERLANDIA
UBERLANDIA;UBERLANDIA
UBERLANDIA;UBERLANDIA
UBERLANDIA;UBERLANDIA
UBERLANDIA;UBERLANDIA
UBERLANDIA;UBERLANDIA
UBERLANDIA;UBERLANDIA
UBERLANDIA;UBERLANDIA
UBERLANDIA;UBERLANDIA
UBERLANDIA;UBERLANDIA
UBERLANDIA;UBERLANDIA
UBERLANDIA;UBERLANDIA
UBERLANDIA;UBERLANDIA
UBERLANDIA;UBERLANDIA
UBERLANDIA;UBERLANDIA
UBERLANDIA;UBERLANDIA
UBERLANDIA;UBERLANDIA
UBERLANDIA;UBERLANDIA
UBERLANDIA;UBERLANDIA
UBERLANDIA;UBERLANDIA
UBERLANDIA;UBERLANDIA
UBERLANDIA;UBERLANDIA
UBERLANDIA;UBERLANDIA
UBERLANDIA;UBERLANDIA
UBERABA;UNIAO DE MINAS
FRANCA;USINA MASCARENHAS DE MORAES
PARA DE MINAS;VARGEM GRANDE
PATOS DE MINAS;VAZAMOR
PATOS DE MINAS;VAZANTE
PARA DE MINAS;VELOSO
UBERABA;VILA BARROSO
UBERLANDIA;ZELANDIA
